{"cameraMode":{"drawMode":0,"name":"Shaded","section":"Shading Mode"},"sceneLighting":true,"audioPlay":false,"sceneViewState":{"showFog":true,"showMaterialUpdate":false,"showSkybox":true,"showFlares":true,"showImageEffects":true,"showParticleSystems":true},"in2DMode":false,"pivot":{"x":3.1723203659057619,"y":0.1751079559326172,"z":-6.366591930389404},"rotation":{"x":0.297092467546463,"y":-0.3795115351676941,"z":0.1301310658454895,"w":0.8664917945861816},"size":68.45993041992188,"orthographic":false}